date,title,original_link,subhead,author,source,print,pic_list,body
23/11/2020,"Liên tiếp có sự cố nghiêm trọng, Đắk Nông yêu cầu chấn chỉnh việc xây dựng",https://dantri.com.vn/xa-hoi/lien-tiep-co-su-co-nghiem-trong-dak-nong-yeu-cau-chan-chinh-viec-xay-dung-20201123123156868.htm," Trong thời gian qua, tỉnh Đắk Nông liên tiếp xảy ra các sự cố nghiêm trọng về an toàn xây dựng dẫn đến thương vong. Trước tình trạng trên, tỉnh Đắk Nông yêu cầu phải quản lý nghiêm trật tự xây dựng.","**Dương Phong**

",,,"https://icdn.dantri.com.vn/thumb_w/640/2020/09/28/20200928085306-1601261743963.jpg|Liên tiếp có sự cố nghiêm trọng, Đắk Nông yêu cầu chấn chỉnh việc xây dựng - 1&&https://icdn.dantri.com.vn/thumb_w/640/2020/10/23/hinh-6-1603412102457.jpg|Liên tiếp có sự cố nghiêm trọng, Đắk Nông yêu cầu chấn chỉnh việc xây dựng - 2","Ngày 23/11, thông tin từ UBND tỉnh Đắk Nông cho biết, ông Trần Xuân Hải, Phó
chủ tịch thường trực UBND tỉnh Đắk Nông đã có văn bản gửi các đơn vị liên quan
về việc đôn đốc tiến độ, quản lý trật tự xây dựng trên địa bàn tỉnh TP. Gia
Nghĩa.

Theo tỉnh Đắk Nông, trong thời gian qua trên địa bàn thành phố Gia Nghĩa xảy
ra một số sự cố công trình như đường dẫn vào thác Liêng Nung, sập bờ kè tường
rào phòng Cảnh sát giao thông khiến 1 người chết…

![Liên tiếp có sự cố nghiêm trọng, Đắk Nông yêu cầu chấn chỉnh việc xây dựng -
1](https://icdn.dantri.com.vn/thumb_w/640/2020/09/28/20200928085306-1601261743963.jpg)

Sự cố sập bờ tường phòng CSGT khiến 1 người tử vong

Trước tình hình trên, tỉnh Đắk Nông yêu cầu Sở Xây dựng, Sở Giao thông Vận tải
và UBND TP. Gia Nghĩa khẩn trương khắc phục những tồn tại trên.

Trong đó, việc san lấp mặt bằng tại TP. Gia Nghĩa, phá vỡ cảnh quan môi
trường, địa chất vẫn diễn ra nghiêm trọng tại một số tuyến đường chính của
thành phố. Tỉnh Đắk Nông yêu cầu TP. Gia Nghĩa khẩn trương chủ động rà soát,
kiểm tra, thanh tra để kịp thời xử lý vi phạm về san lấp mặt bằng.

“Xử lý dứt điểm, làm rõ trách nhiệm quản lý trật tự xây dựng các tổ chức cá
nhân và xử lý nghiêm các hành vi vi phạm quản lý trật tự đô thị. Chủ tịch UBND
thành phố phải chịu trách nhiệm nếu để xảy ra tình trạng vi phạm pháp luật về
xây dựng”, tỉnh Đắk Nông nhấn mạnh.

Bên cạnh đó, Phó chủ tịch UBND tỉnh Đắk Nông cũng yêu cầu Sở Xây dựng, Sở Giao
thông Vận tải tăng cường phối hợp, kiểm tra rà soát, thẩm định các dự án thiết
kế, bản vẽ thi công… để đảm bảo quy chuẩn, tiêu chuẩn về chất lượng công trình
và phù hợp với quy hoạch địa phương.

Như trước đó _Dân trí_ đã phản ánh, sự cố sập tường rào tại Phòng CSGT, Công
an tỉnh Đắk Nông đã khiến 1 người thiệt mạng. Nguyên nhân ban đầu được xác
định do quá trình thi công, nhóm công nhân đã làm hổng chân bờ kè đá của Phòng
Cảnh sát giao thông dẫn đến bờ kè của Phòng Cảnh sát giao thông bị sập.

![Liên tiếp có sự cố nghiêm trọng, Đắk Nông yêu cầu chấn chỉnh việc xây dựng -
2](https://icdn.dantri.com.vn/thumb_w/640/2020/10/23/hinh-6-1603412102457.jpg)

Đường vào thác Liêng Nung bị sập mới đây

Trong thời gian qua, Đường giao thông từ Quốc lộ 28 vào Khu du lịch sinh thái
văn hóa kết hợp công viên vui chơi giải trí Liêng Nung (xã Đắk Nia, TP. Gia
Nghĩa) cũng liên tục xảy ra sự cố. Nhiều đoạn đường sạt trượt, bị hư hỏng nặng
dù đã thi công xong khiến người dân không có đường đi lại.

Đặc biệt, tháng 10/2020, ngay sau sự kiện công bố Công viên địa chất toàn cầu,
con đường độc đạo phục vụ trị giá gần 27 tỷ dẫn xuống chân thác Liêng Nung
tiếp tục gặp sự cố sạt trượt, gần như hư hỏng toàn bộ.

Bí thư Tỉnh ủy tỉnh Đắk Nông phải trực tiếp đến hiện trường, chỉ đạo khắc phục
đồng thời làm rõ nguyên nhân, trách nhiệm của các bên liên quan trong sự cố
này.

**Dương Phong**

"
21/11/2020,"Tàu hỏa trật bánh khỏi đường ray, 2 toa tàu bị văng ra ngoài",https://dantri.com.vn/xa-hoi/tau-hoa-trat-banh-khoi-duong-ray-2-toa-tau-bi-vang-ra-ngoai-20201121114940583.htm," Sau khi trật bánh khỏi đường ray, 2 toa tàu bị văng ra ngoài, tông gãy cột điện và làm hư hỏng một đoạn hàng rào ngăn cách đường sắt.","**Đức Văn**

",,,"https://icdn.dantri.com.vn/thumb_w/640/2020/11/21/tai-nan-tau-4-1605934030390.jpg|Tàu hỏa trật bánh khỏi đường ray, 2 toa tàu bị văng ra ngoài - 1&&https://icdn.dantri.com.vn/thumb_w/640/2020/11/21/tai-nan-tau-6-1605934030391.jpg|Tàu hỏa trật bánh khỏi đường ray, 2 toa tàu bị văng ra ngoài - 2&&https://icdn.dantri.com.vn/thumb_w/640/2020/11/21/tau-hoa-trat-banh-khoi-duong-ray-2-toa-tau-bi-vang-ra-ngoai-3-1605934666220.jpeg|Tàu hỏa trật bánh khỏi đường ray, 2 toa tàu bị văng ra ngoài - 3","Vụ tai nạn xảy ra vào khoảng 3h sáng ngày 21/11, trên tuyến đường sắt Bắc -
Nam, thuộc xã Liêm Chung, thành phố Phủ Lý, tỉnh Hà Nam.

![Tàu hỏa trật bánh khỏi đường ray, 2 toa tàu bị văng ra ngoài -
1](https://icdn.dantri.com.vn/thumb_w/640/2020/11/21/tai-nan-
tau-4-1605934030390.jpg)

Toa tàu văng vắt ngang đường ray.

Theo thông tin ban đầu, vào thời điểm nói trên, đoàn tàu chở hàng mang số hiệu
HH8 có 19 toa hàng chạy hướng Nam Định – Phủ Lý, khi chạy đến KM 60+700 thuộc
địa phận xã Liêm Chung, thành phố Phủ Lý, tỉnh Hà Nam, bất ngờ bị trật bánh
khiến toa tàu số 8 và 9 văng ra ngoài.

![Tàu hỏa trật bánh khỏi đường ray, 2 toa tàu bị văng ra ngoài -
2](https://icdn.dantri.com.vn/thumb_w/640/2020/11/21/tai-nan-
tau-6-1605934030391.jpg)

Toa tàu văng ra ngoài tông gãy một số cột điện và làm hư hỏng một đoạn hàng
rào ngăn cách đường sắt.

Vụ tai nạn khiến gần 400m đường ray gặp sự cố, 2 toa tàu văng ra ngoài tông
gãy một số cột điện và làm hư hỏng một đoạn hàng rào ngăn cách đường sắt.

Ngay sau khi vụ tai nạn xảy ra, lực lượng cứu hộ đường sắt đã điều động phương
tiện, nhân lực để khắc phục, giải phóng hiện trường, sửa chữa khoảng 400m
đường sắt bị hư hỏng. Đến khoảng gần 11h sáng cùng ngày, lực lượng chức năng
cơ bản đã khắc phục xong sự cố.

![Tàu hỏa trật bánh khỏi đường ray, 2 toa tàu bị văng ra ngoài -
3](https://icdn.dantri.com.vn/thumb_w/640/2020/11/21/tau-hoa-trat-banh-khoi-
duong-ray-2-toa-tau-bi-vang-ra-ngoai-3-1605934666220.jpeg)

Đến khoảng gần 11h sáng cùng ngày, lực lượng chức năng cơ bản đã khắc phục
xong sự cố.

Sự cố tàu HH8 trật bánh khiến các đoàn tàu khách số hiệu SE2, SE4, SE7, NA2
phải dừng chờ tại các ga lân cận. Trong đó, 2 đoàn tàu SE2, SE4 dừng tại ga
Nam Định, 176 hành khách trên 2 đoàn tàu này được chuyển tải bằng ôtô về Hà
Nội. Tàu NA2 dừng tại ga Cầu Họ (Nam Định), 317 hành khách trên tàu được di
chuyển về Hà Nội.

Hiện cơ quan chức năng đang tiến hành làm rõ nguyên nhân tàu HH8 trật bánh.

**Đức Văn**

"
21/11/2020,Đắp đập dài 15m tại sông Rào Trăng 3 để tìm kiếm nạn nhân vụ sạt lở,https://dantri.com.vn/xa-hoi/dap-dap-dai-15-m-tai-song-rao-trang-3-de-tim-kiem-nan-nhan-vu-sat-lo-20201121114036527.htm," Sáng 21/11, các lực lượng cứu nạn tại Thủy điện Rào Trăng 3 tiếp tục ngăn đập, nắn dòng, điều chỉnh dòng chảy để tổ chức tìm kiếm các nạn nhân nghi ở dưới lòng sông.","**Đại Dương - Trần Tình**

",,,https://icdn.dantri.com.vn/thumb_w/640/2020/11/21/ngan-dap-rao-trang-3-3-1605933396325.jpg|Đắp đập dài 15m tại sông Rào Trăng 3 để tìm kiếm nạn nhân vụ sạt lở - 1&&https://icdn.dantri.com.vn/thumb_w/640/2020/11/21/ngan-dap-rao-trang-3-2-1605933396274.jpg|Đắp đập dài 15m tại sông Rào Trăng 3 để tìm kiếm nạn nhân vụ sạt lở - 2&&https://icdn.dantri.com.vn/thumb_w/640/2020/11/21/ngan-dap-rao-trang-3-1-1605933396292.jpg|Đắp đập dài 15m tại sông Rào Trăng 3 để tìm kiếm nạn nhân vụ sạt lở - 3&&https://icdn.dantri.com.vn/thumb_w/640/2020/11/21/ngan-dap-rao-trang-3-1605933395886.jpg|Đắp đập dài 15m tại sông Rào Trăng 3 để tìm kiếm nạn nhân vụ sạt lở - 4,"Do chiều tối hôm qua (20/11) trời mưa to nên nước sông Rào Trăng dâng cao làm
sạt lở và trôi một phần đất, đá đập ngăn Rào Trăng, làm ảnh hưởng đến công tác
ngăn đập, nắn dòng.

Trong sáng nay, các lực lượng quân đội, công an, biên phòng và các lực lượng
khác, đặc biệt là Bộ Chỉ huy quân sự tỉnh Thừa Thiên Huế đã tăng cường lực
lượng dân quân huyện Phong Điền vào để vận chuyển nguyên vật liệu (rọ đá, đá);
phương tiện cơ giới (máy ủi, máy múc, máy xúc đào đắp đê quai) để ngăn đập,
nắn dòng.

Các lực lượng đã tổ chức đào, đắp ngăn đập cao hơn 3,5m, rộng 5m, dài từ bờ
sông này sang bờ sông kia trên 15m. Ngoài ra các lực lượng khác vẫn tiếp tục
tổ chức tìm kiếm các nạn nhân các khu vực nghi vấn.

Ngăn đập dài 15m tại sông Rào Trăng 3 để tìm kiếm nạn nhân

Đặc biệt lực lượng công binh tăng cường cảnh giới, có phương án an toàn cho
lực lượng thi công; đồng thời chuẩn bị phương án để hộ đê ngăn dòng chảy,
phòng tránh lượng nước trên nguồn chảy về quá lớn có thể ảnh hưởng đến kết cấu
của đập.

Với quyết tâm cao của các lực lượng, trong ngày hôm nay công tác ngăn đập, nắn
dòng sẽ hoàn tất. Ngày mai (22/11) chuyển qua giai đoạn tìm kiếm các nạn nhân
mất tích dưới lòng suối.

![Đắp đập dài 15m tại sông Rào Trăng 3 để tìm kiếm nạn nhân vụ sạt lở -
1](https://icdn.dantri.com.vn/thumb_w/640/2020/11/21/ngan-dap-rao-
trang-3-3-1605933396325.jpg)

Máy xúc đào đắp đê quai

![Đắp đập dài 15m tại sông Rào Trăng 3 để tìm kiếm nạn nhân vụ sạt lở -
2](https://icdn.dantri.com.vn/thumb_w/640/2020/11/21/ngan-dap-rao-
trang-3-2-1605933396274.jpg)

Một khối lượng lớn đất đá được đắp tạo thành đập ngăn sông

![Đắp đập dài 15m tại sông Rào Trăng 3 để tìm kiếm nạn nhân vụ sạt lở -
3](https://icdn.dantri.com.vn/thumb_w/640/2020/11/21/ngan-dap-rao-
trang-3-1-1605933396292.jpg)

Công việc cơ bản đã gần hoàn tất. Dự kiến trong hôm nay sẽ xong.

![Đắp đập dài 15m tại sông Rào Trăng 3 để tìm kiếm nạn nhân vụ sạt lở -
4](https://icdn.dantri.com.vn/thumb_w/640/2020/11/21/ngan-dap-rao-
trang-3-1605933395886.jpg)

Nhìn từ trên cao, con đập dài 15m sắp thành hình.

**Đại Dương - Trần Tình**

"
20/11/2020,CSGT phát hiện số lượng lớn đồ chơi kích dục không rõ xuất xứ trên tàu hỏa,https://dantri.com.vn/xa-hoi/csgt-phat-hien-so-luong-lon-do-choi-kich-duc-khong-ro-xuat-xu-tren-tau-hoa-20201120093048169.htm," Kiểm tra 2 toa hành lý, lực lượng Cảnh sát giao thông phát hiện gần 50 kiện hàng hóa không có hóa đơn, chứng từ. Số hàng này chủ yếu là giày dép, quần áo và đồ chơi kích dục.","**Minh Hải - Tiến Nguyên**

",,,https://icdn.dantri.com.vn/thumb_w/640/2020/11/20/csgt-phat-hien-so-luong-lon-do-choi-kich-duc-tren-tau-hoa-1-1605840506776.jpeg|CSGT phát hiện số lượng lớn đồ chơi kích dục không rõ xuất xứ trên tàu hỏa - 1,"Ngày 20/11, Đại tá Nguyễn Quốc Thắng, Trưởng Phòng Hướng dẫn và tổ chức bảo
đảm trật tự, an toàn giao thông đường sắt (Cục Cảnh sát giao thông - Bộ Công
an), cho biết, đơn vị vừa phối hợp với các lực lượng chức năng phát hiện trên
2 toa của tàu SE1 một số lượng lớn kiện hàng không hóa đơn chứng từ.

![CSGT phát hiện số lượng lớn đồ chơi kích dục không rõ xuất xứ trên tàu hỏa -
1](https://icdn.dantri.com.vn/thumb_w/640/2020/11/20/csgt-phat-hien-so-luong-
lon-do-choi-kich-duc-tren-tau-hoa-1-1605840506776.jpeg) Gần 50 kiện hàng hóa
không hóa đơn, chứng từ. (Ảnh: Minh Hải)

Theo Đại tá Nguyễn Quốc Thắng, số hàng trên chủ yếu là giầy dép, quần áo và đồ
chơi kích dục.

Cụ thể, trong quá trình làm nhiệm vụ nắm tình tình an ninh trật tự, trật tự an
toàn giao thông tại ga Sài Gòn, lực lượng Cảnh sát đường sắt thuộc Cục CSGT
phối hợp Cục Quản lý thị trường TPHCM và Công an phường 9, quận 3 (Công an
TPHCM) kiểm tra 2 toa hành lý tàu SE1 đến ga Sài Gòn lúc 7h40 ngày 14/11.

Qua kiểm tra, lực lượng chức năng phát hiện 23 kiện hàng hóa trong số 932 kiện
trên toa số hiệu HL71508 và 25 kiện hàng hóa trong số 179 kiện trên toa số
hiệu BV81404 không hóa đơn chứng từ kèm theo.

Hiện lực lượng chức năng đã niêm phong toàn bộ số hàng không hóa đơn trên,
tiếp tục làm rõ, xử lý theo quy định của pháp luật.

“Dự báo trong thời gian tới, đặc biệt là dịp gần Tết Dương lịch và Tết Nguyên
đán, với nhu cầu mua sắm tăng cao của người dân, các đối tượng sẽ dùng nhiều
thủ đoạn để hoạt động gian lận thương mại nhằm kiếm lời. Cục CSGT sẽ tăng
cường lực lượng tuần tra kiểm soát, vừa đảm bảo an toàn giao thông, phục vụ
người dân di chuyển an toàn, vừa đẩy mạnh công tác phối hợp với các lực lượng
khác trong phòng, chống các hoạt động gian lận thương mại trên các tuyến giao
thông đường sắt.” - Đại tá Nguyễn Quốc Thắng nhấn mạnh.

**Minh Hải - Tiến Nguyên**

"
20/11/2020,Nữ kế toán trưởng tử vong trong phòng làm việc,https://dantri.com.vn/xa-hoi/nu-ke-toan-truong-tu-vong-trong-phong-lam-viec-20201119225021036.htm," Trong giờ nghỉ trưa, nam nhân viên tại cây xăng phát hiện bà G. (kế toán trưởng của cây xăng 42 thuộc công ty xăng dầu Nghệ An) bất động trong phòng nên báo cho lực lượng công an.","**Bảo Khánh**

",,,https://icdn.dantri.com.vn/thumb_w/640/2020/11/20/nu-ke-toan-truong-tu-vong-trong-phong-lam-viec-1-1605834224581.jpeg|Nữ kế toán trưởng tử vong trong phòng làm việc - 1,"![Nữ kế toán trưởng tử vong trong phòng làm việc -
1](https://icdn.dantri.com.vn/thumb_w/640/2020/11/20/nu-ke-toan-truong-tu-
vong-trong-phong-lam-viec-1-1605834224581.jpeg)

Cửa hàng xăng dầu 42, nơi bà G. làm việc.

Tối 19/11, Công an huyện Nam Đàn (Nghệ An) cho biết, vụ việc xảy ra tại cây
xăng 42 thuộc địa phận xã Nam Giang, huyện Nam Đàn (Nghệ An). Nạn nhân là bà
V.T.G. (47 tuổi), kế toán trưởng của cây xăng 42 thuộc công ty xăng dầu Nghệ
An.

Theo thông tin ban đầu, sau giờ nghỉ trưa, nam nhân viên tại cây xăng phát
hiện bà G. bất động trong phòng làm việc nên báo cho lực lượng công an.

Tại hiện trường, lực lượng chức năng cho trích xuất camera nhưng không thấy
dấu hiệu bất thường lúc bà G. nghỉ trưa. Còn theo người thân gia đình, trước
khi xảy ra sự việc, sức khỏe, tâm lý của bà G. bình thường.

Cho rằng cái chết của bà G. có điểm nghi vấn nên gia đình đã đề nghị công an
điều tra làm rõ.

Vụ việc đang được các cơ quan chức năng điều tra làm rõ.

**Bảo Khánh**

"
20/11/2020,Gắn định vị cho xe thu gom rác để giám sát hành trình?,https://dantri.com.vn/xa-hoi/gan-dinh-vi-cho-xe-thu-gom-rac-de-giam-sat-hanh-trinh-20201120082205955.htm," Công ty Môi trường đô thị Hà Nội (Urenco) đề xuất, xe thu gom vận chuyển, xe quét rác phải gắn thiết bị định vị GPS và phần mềm quản lý, giám sát theo tiêu chuẩn của nhà sản xuất đề giám sát lộ trình.","**Thế Kha**

",,,https://icdn.dantri.com.vn/thumb_w/640/2020/11/20/xe-cho-rac-1605835100868.jpg|Gắn định vị cho xe thu gom rác để giám sát hành trình? - 1&&https://icdn.dantri.com.vn/thumb_w/640/2020/11/20/racthaingappho-71605708413798-1605834908501.jpg|Gắn định vị cho xe thu gom rác để giám sát hành trình? - 2,"![Gắn định vị cho xe thu gom rác để giám sát hành trình? -
1](https://icdn.dantri.com.vn/thumb_w/640/2020/11/20/xe-cho-
rac-1605835100868.jpg)

Urenco kiến nghị xe thu gom vận chuyển, xe quét hút rác phải gắn thiết bị định
vị GPS và phần mềm quản lý.

Công ty TNHH MTV Môi trường đô thị Hà Nội (Urenco) vừa có văn bản gửi UBND TP
Hà Nội, Sở Xây dựng, Sở Tài chính và Sở Tài nguyên và Môi trường để góp ý về
một số vướng mắc trong việc xây dựng tiêu chí đấu thầu các gói thầu duy trì vệ
sinh môi trường trên địa bàn Hà Nội từ năm 2021.

Trong đó, Urenco đề nghị Sở Xây dựng Hà Nội hướng dẫn các chủ đầu tư bổ sung
tiêu chí đánh giá: Xe thu gom vận chuyển, xe quét hút phải gắn thiết bị định
vị GPS và phần mềm quản lý, giám sát theo tiêu chuẩn của nhà sản xuất để giám
sát lộ trình và phục vụ nghiệm thu; bổ sung yêu cầu đánh giá có kết nối phần
mềm với chủ đầu tư (Sở Xây dựng), Trung tâm tin học UBND thành phố Hà Nội,
UBND các quận trên tuyến đi qua để phối hợp giám sát cộng đồng.

Ngoài ra còn phải công bố lịch trình thu gom, quét hút trên các phương tiện
thông tin để người dân được biết và phối hợp.

Ngoài ra, công ty này cho rằng việc nghiệm thu theo quy trình, định mức dẫn
đến không thể khuyến khích nhà thầu thực hiện các giải pháp cơ giới hoá để
nâng cao chất lượng và văn minh đô thị (vì làm khác quy trình sẽ không được
nghiệm thu).

Vì thế, Sở Xây dựng Hà Nội cần nghiên cứu ban hành quy chế giám sát, nghiệm
thu chung theo tiêu chí “chất lượng sản phẩm cuối cùng” trên toàn thành phố để
các chủ đầu tư tổ chức thực hiện.

“Cụ thể là thực hiện giám sát theo phương án tổ chức sản xuất trình bày trong
hồ sơ dự thầu và theo chất lượng duy trì vệ sinh môi trường thông qua phần mềm
quản lý chuyên ngành trong công tác quản lý, giám sát: GPS, camera, phần mềm
theo dõi nâng hạ chổi”- Urenco Hà Nội kiến nghị.

**Hà Nội sẽ họp về công tác lựa chọn nhà thầu**

Thời gian qua, người dân sinh sống tại quận Tây Hồ, Nam Từ Liêm, Cầu Giấy bày
tỏ thái độ bức xúc khi rác thải sinh hoạt được vứt vung vãi khắp nhiều tuyến
đường. Thậm chí rác thải ứ đọng trên đường phố cả tuần lễ không có công nhân
vệ sinh tới thu dọn.

Trả lời PV _Dân trí_ hôm qua (19/11), lãnh đạo UBND phường Yên Phụ (quận Tây
Hồ) cho biết tình trạng rác thải sinh hoạt bị ứ đọng trên địa bàn không chỉ
mới lần đầu diễn ra trong tuần qua mà đã thường xuyên lặp đi lặp lại khoảng 2
năm trở lại đây. Nguyên nhân vì [Công ty Công ty cổ phần Đầu tư và Phát triển
công nghệ cao Minh Quân](https://dantri.com.vn/xa-hoi/vu-rac-ngap-pho-dan-ha-
noi-linh-du-vi-sao-chu-tich-phuong-bo-tay-20201119115514799.htm) nợ lương công
nhân, nợ tiền thưởng Tết và rất nhiều chuyện khác (!?).

![Gắn định vị cho xe thu gom rác để giám sát hành trình? -
2](https://icdn.dantri.com.vn/thumb_w/640/2020/11/20/racthaingappho-71605708413798-1605834908501.jpg)

Rác thải ngập phố Yên Phụ (quận Tây Hồ) gây ô nhiễm môi trường nghiêm trọng.
(Ảnh: Nguyễn Trường).

Tại quận Nam Từ Liêm những ngày qua cũng có hàng chục xe rác bốc mùi ùn ứ ở
điểm tập kết trên đường Trần Hữu Dực (phường Cầu Diễn) - nằm cạnh Trung tâm
Điền kinh quốc gia Mỹ Đình.

Tại quận Cầu Giấy, mới đây Bộ Tài nguyên và Môi trường đã có văn bản đề nghị
Hà Nội xử lý nhanh chóng [“núi rác thải”](https://dantri.com.vn/xa-hoi/ha-noi-
can-xu-ly-ngay-nui-rac-thai-o-quan-cau-giay-20201115183718722.htm) hàng trăm
tấn tập kết gần trụ sở VKSND Tối cao và Viện Huyết học-Truyền máu Trung ương.
Đây là điểm tập kết của [Công ty môi trường đô thị Vĩnh
Yên](https://dantri.com.vn/xa-hoi/nui-rac-khong-lo-hon-500-tan-giua-long-ha-
noi-20201105122603796.htm) mỗi khi xảy ra việc người dân chặn đường vào bãi
rác Nam Sơn.

Được biết, Phó chủ tịch UBND TP Hà Nội Nguyễn Thế Hùng mới đây đã chủ trì cuộc
họp về công tác lựa chọn nhà thầu thực hiện dịch vụ duy trì vệ sinh môi trường
trên địa bàn Hà Nội giai đoạn tới.

Trong đó, Sở Xây dựng Hà Nội được giao chủ trì, phối hợp với Văn phòng UBND TP
Hà Nội và các đơn vị liên quan rà soát quy trình, định mức, đơn giá, sớm báo
cáo UBND TP Hà Nội phê duyệt.

Về thời gian thực hiện hợp đồng, lãnh đạo TP Hà Nội yêu cầu bên mời thầu chủ
động quyết định thời gian thực hiện hợp đồng theo quy định của pháp luật,
nhưng cần lưu ý xem xét thời gian yếu tố đầu tư ban đầu, thời gian thu hồi vốn
đầu tư cho nhà thầu nhằm khuyến khích các nhà thầu đầu tư bài bản để nâng cao
hiệu quả công tác vệ sinh môi trường trên địa bàn Hà Nội.

UBND TP Hà Nội sẽ tổ chức cuộc họp về công tác lựa chọn nhà thầu duy trì vệ
sinh môi trường giai đoạn tiếp theo vào đầu tháng 12 tới.

**Thế Kha**

"
20/11/2020,Cán bộ đi họp đồng hương khi đang báo động khẩn mưa lũ: Không ảnh hưởng?!,https://dantri.com.vn/xa-hoi/can-bo-di-hop-dong-huong-khi-dang-bao-dong-khan-mua-lu-khong-anh-huong-20201120093708784.htm," Liên quan đến đoàn cán bộ ở huyện Hương Khê đi họp đồng hương trong thời điểm mưa lũ, chủ tịch huyện này cho rằng việc đó không ảnh hưởng đến công tác phòng chống lũ lụt...","**Tiến Hiệp - Xuân Sinh**

",,,https://icdn.dantri.com.vn/thumb_w/640/2020/10/21/1-1603276527411.jpg|Cán bộ đi họp đồng hương khi đang báo động khẩn mưa lũ: Không ảnh hưởng?! - 1&&https://icdn.dantri.com.vn/thumb_w/640/2020/10/18/1220385923793411898659241146201969543118204-n-1-1603009453579.jpg|Cán bộ đi họp đồng hương khi đang báo động khẩn mưa lũ: Không ảnh hưởng?! - 2&&https://icdn.dantri.com.vn/thumb_w/640/2020/10/20/anh-1-1603207415062.jpg|Cán bộ đi họp đồng hương khi đang báo động khẩn mưa lũ: Không ảnh hưởng?! - 3,"Trung tuần tháng 10 vừa qua, _Dân trí_ đã phản ánh, ngày 15-16/10, trong khi
có dự báo mưa lũ phức tạp trên địa bàn kéo dài, người dân đang ra sức ứng phó
thì một đoàn cán bộ huyện và lãnh đạo chủ chốt các xã gần 15 người vùng rốn lũ
Hương Khê, Hà Tĩnh lại lên máy bay vào TP Hồ Chí Minh tham dự cuộc họp đồng
hương diễn ra vào ngày 18/10.

Điều đáng nói, các xã như Hương Trạch, Hương Thủy, Hương Giang… được cho là
địa phương nằm trong diện ảnh hưởng đặc biệt của đợt mưa lũ này. Tuy nhiên,
lãnh đạo chủ chốt là bí thư, chủ tịch xã đều đi họp đồng hương. Thậm chí theo
phản ánh, có xã đi cả 3 người gồm chủ tịch, bí thư và chủ tịch mặt trận.

Về phía huyện Hương Khê có phó chủ tịch UBND huyện, phó chủ tịch HĐND huyện,
trưởng ban tuyên giáo… cũng tham gia cuộc gặp mặt trên.

![Cán bộ đi họp đồng hương khi đang báo động khẩn mưa lũ: Không ảnh hưởng?! -
1](https://icdn.dantri.com.vn/thumb_w/640/2020/10/21/1-1603276527411.jpg)

Trận lũ lịch sử vừa qua khiến nhiều địa phương ở Hà Tĩnh chìm trong biển nước.

Việc nhóm cán bộ trên đi họp trong diễn biến mưa lũ phức tạp và có báo động
khẩn khiến dư luận bức xúc.

**Đoàn cán bộ đi kêu gọi đầu tư?**

Những ngày sau khi lũ lụt đi qua, PV _Dân trí_ đã có buổi làm việc với ông Ngô
Xuân Ninh, Chủ tịch UBND huyện Hương Khê để tìm hiểu rõ thêm về việc trên.

Ông Ninh cho hay, theo báo cáo của nhóm cán bộ tham gia cuộc họp đồng hương
vừa qua, cuộc gặp hơn 1.000 người con em huyện Hương Khê ở thành phố Hồ Chí
Minh và các tỉnh phía Nam và đã có kế hoạch từ đầu tháng 10.

Việc kêu gọi đầu tư trước đây Ban Thường vụ huyện đã có thành lập các đoàn đi.
Đặc biệt lần này con em quê hương họ chủ động vì huyện kêu gọi nhiều lần nhưng
hiệu quả chưa cao.

![Cán bộ đi họp đồng hương khi đang báo động khẩn mưa lũ: Không ảnh hưởng?! -
2](https://icdn.dantri.com.vn/thumb_w/640/2020/10/18/1220385923793411898659241146201969543118204-n-1-1603009453579.jpg)

Trận lũ vừa qua đã khiến nhiều xã ở huyện Hương Khê ngập sâu.

“Lần này họ chủ động cuộc gặp để huyện vào cung cấp thông tin, đồng thời kêu
gọi đầu tư. Cái này là của hội đồng hương họ chủ động mời, để có cuộc gặp này
công tác chuẩn bị cả tháng trời chứ không phải làm cái được ngay. Bởi vì trong
tình thế đó huyện cử đại diện thôi.” – ông Ninh phân trần.

Cũng theo ông Ninh, trong thời gian qua nhiều xã kêu gọi xây dựng nông thôn
mới, các doanh nghiệp trong Nam về rất nhiều, vừa đầu tư xây dựng nông thôn
mới vừa ủng hộ bão lụt… Việc vừa rồi thực ra không phải họp đồng hương mà đi ở
các tỉnh phía Nam để kêu gọi đầu tư.

“Là huyện nghèo phải biết kêu gọi các nguồn lực, trong đó nguồn xã hội hóa vì
ngân sách Nhà nước đầu tư cũng có hạn. Hương Khê là huyện kêu gọi con em đầu
tư ở tốp cuối, đang thấp so với một số huyện ở Hà Tĩnh. Vấn đề này chúng tôi
cũng trăn trở, qua đó phải tạo điều kiện cho cán bộ đi kêu gọi đầu tư.” – ông
Ninh lý giải.

**""Không ảnh hưởng công tác phòng chống mưa lũ?""**

Còn việc đi trong thời điểm mưa bão, ông Ninh cho rằng, người chịu trách nhiệm
chính trong Ban chỉ huy phòng chống bão lụt là Chủ tịch huyện và ông ở nhà, có
3 Phó chủ tịch thì 1 người đi, còn 2 người ở nhà, mọi việc đều bình thường.

“Riêng bản thân tôi, hôm đó đã xin nghỉ phiên cuối cùng Đại hội Đảng bộ Hà
Tĩnh, 13h tôi đã về đây để trực tiếp chỉ đạo. Trưa hôm đó sau khi ăn cơm xong
tôi xin phép về để chỉ đạo.” – ông Ninh nói.

Ông Ninh cũng cho rằng, Ban chỉ huy phòng chống lụt bão theo Luật phòng chống
thiên tai do chủ tịch làm trưởng ban, điều hành. Các đồng chí trong hệ thống
lãnh đạo, phó chủ tịch và các trưởng đầu ngành là thành viên.

![Cán bộ đi họp đồng hương khi đang báo động khẩn mưa lũ: Không ảnh hưởng?! -
3](https://icdn.dantri.com.vn/thumb_w/640/2020/10/20/anh-1-1603207415062.jpg)

Các ngành chức năng ở Hà Tĩnh huy động lực lượng 100% ứng phó với cơn lũ vừa
qua.

“Thực ra suy cho cùng thì không ảnh hưởng gì cả, tôi nghĩ rằng đừng nặng nề
chuyện này. Bão lụt ở Hương Khê vừa rồi chủ động rất tốt, cái này không phải
tôi tự nói mà trên thực tế.” - ông Ninh khẳng định.

Trước vấn đề phòng chống bão lụt phải yêu cầu trực 100% nhưng hơn 10 xã có cán
bộ đi tham dự trong đó có cả bí thư và chủ tịch một số xã, ông Ninh cho hay:
""Về nguyên tắc là vậy nhưng vì cái chung kêu gọi đầu tư, đã không cho đi
nhiều, chỉ vài người đại diện mọi vấn đề khác đều đảm bảo hoạt động của địa
phương. Cái vấn đề bây giờ của tôi là nắm được công tác phòng chống bão lũ rất
tốt, hiệu quả mọi việc tốt, chủ động. Khi triển khai mọi phương án các xã đều
tham gia trực tiếp, đầy đủ”.

Lý giải về việc lãnh đạo một số xã đã hủy tham gia cuộc họp dù đã đặt vé máy
bay, vị chủ tịch huyện cho rằng, do họ không tin tưởng giao việc cho các cấp
phó.

""Việc đó các ông không tin, không giao cho các cấp phó thực hiện phương châm 4
tại chỗ thì ở nhà thôi. Trong quy chế thì cấp trưởng đi thì phân công cho cấp
phó ở nhà, chứ không khi nào cấp trưởng cũng phải ở nhà"" - ông Ninh giải
thích.

Liên quan đến vấn đề các xã đi về đã có báo cáo kết quả buổi gặp mặt đó hay
không, ông Ninh cho biết thêm: “Cái này tôi sẽ chỉ đạo các xã báo cáo lại, cái
này không phải kêu gọi đầu tư có liền. Riêng câu chuyện này cũng đừng nặng nề,
như thế này thì huyện là huyện nghèo chẳng làm được cái gì đâu”.

**Tiến Hiệp - Xuân Sinh**

"
20/11/2020,"Tường trường học đổ sập, vỡ toác suốt 6 tháng chưa được khắc phục",https://dantri.com.vn/xa-hoi/tuong-truong-hoc-do-sap-vo-toac-suot-6-thang-chua-duoc-khac-phuc-20201120100419635.htm," Gần 6 tháng sau sự cố tường rào tiền tỷ đổ sập, công trình này vẫn chưa được khắc phục. Điều này đang gây ảnh hưởng đến công tác dạy và học tại nhà trường.","**Dương Phong**

",,,"https://icdn.dantri.com.vn/thumb_w/640/2020/06/30/hinh-2-1593517361488.jpg|Tường trường học đổ sập, vỡ toác suốt 6 tháng chưa được khắc phục - 1","Ngày 20/11, lãnh đạo Trường THPT Quang Trung, huyện Đắk Mil (tỉnh Đắk Nông)
cho biết, sau 6 tháng các sự cố sụt lún, sạt lở một số hạng mục công trình
nâng cấp tại trường vẫn chưa được khắc phục, sửa chữa.

Đây là sự cố xảy ra ngày 20/5/2020 tại công trình nâng cấp, sửa chữa cải tạo
Trường THPT Quang Trung. Trong quá trình chờ nghiệm thu, bàn giao một số hạng
mục của công trình như bờ rào, sân trường… đã bị sụt lún, sạt lở.

Tuy nhiên, theo lãnh đạo nhà trường, đến nay sự cố nghiêm trọng vẫn chưa được
khắc phục nên ảnh hưởng đến hoạt động của nhà trường.

Trong khi đó, thông tin từ Kho Bạc tỉnh Đắk Nông cho biết, tổng chi phí xây
lắp của dự án này là gần 2,9 tỷ đồng.

![Tường trường học đổ sập, vỡ toác suốt 6 tháng chưa được khắc phục -
1](https://icdn.dantri.com.vn/thumb_w/640/2020/06/30/hinh-2-1593517361488.jpg)
Hiện trường vụ sập công trình cách đây 6 tháng

Vào tháng 5/2019, công trình đã được thanh toán khối lượng lần thứ nhất, với
kinh phí 1,2 tỷ đồng. Đến tháng 4/2020, công trình này tiếp tục được thanh
toán lần thứ 2, với hơn 1 tỷ đồng.

Trước đó _Dân trí_ đã đưa tin, sau khi xảy ra sự việc, UBND huyện Đắk Mil đã
thành lập đoàn kiểm tra, thẩm định nguyên nhân.

Qua đó xác định, để xảy ra vụ tường bao tiền tỷ đổ sập là do chiều cao kè chắn
đất cao hơn chiều cao thiết kế, khi thi công lại không thay đổi kết cấu công
trình. Việc này đã làm ảnh hưởng tới khả năng chịu lực của kè chắn đất, dẫn
đến sự cố trên.

Ngoài ra, Đoàn kiểm tra còn xác định, trường THPT Quang Trung có khuôn viên
rộng, khi trời mưa lớn, lượng nước nhiều, các rãnh thoát nước có đoạn làm tấm
đan bị bịt kín nên không thoát nước kịp.

UBND huyện Đắk Mil đã ban hành quyết định xử phạt 3 công ty có liên quan đến
sự cố sập công trình ""Nâng cấp, sửa chữa cải tạo nhà đa năng, nhà hiệu bộ, kè
chắn đất, tường rào Trường THPT Quang Trung"" với tổng số tiền phạt là 135
triệu đồng.

**Dương Phong**

"
20/11/2020,Bắt giữ 2 người nhập cảnh trái phép vào Việt Nam để trốn cách ly,https://dantri.com.vn/xa-hoi/bat-giu-2-nguoi-nhap-canh-trai-phep-vao-viet-nam-de-tron-cach-ly-20201120092350461.htm, Vì muốn trốn cách ly khi nhập cảnh nên A. và H. đã thuê một người Lào dẫn đường xuyên rừng để nhập cảnh trái phép từ Lào vào Việt Nam.,"**Xuân Sinh**

",,,https://icdn.dantri.com.vn/thumb_w/640/2020/11/20/anh-2-1605838914316.jpg|Bắt giữ 2 người nhập cảnh trái phép vào Việt Nam để trốn cách ly - 1,"![Bắt giữ 2 người nhập cảnh trái phép vào Việt Nam để trốn cách ly -
1](https://icdn.dantri.com.vn/thumb_w/640/2020/11/20/anh-2-1605838914316.jpg)

Hai đối tượng vượt biên trái phép bị lực lượng chức năng Hà Tĩnh phát hiện

Chiều 20/11, thông tin từ Đồn trưởng Đồn Biên phòng cửa khẩu quốc tế Cầu Treo,
BĐBP Hà Tĩnh cho biết, đơn vị vừa bắt giữ 2 đối tượng nhập cảnh trái phép từ
Lào vào Việt Nam.

Trước đó, vào khoảng 15h30 chiều ngày 19/11, trong quá trình tuần tra kiểm
soát tại các đường mòn dọc tuyến biên giới Việt Nam - Lào, lực lượng làm nhiệm
vụ phòng, chống dịch Covid-19 của Đồn Biên phòng cửa khẩu quốc tế Cầu Treo
phát hiện, bắt giữ hai đối tượng nhập cảnh trái phép vào Việt Nam.

Hai đối tượng gồm: Nguyễn Hải A. (SN 1979), trú tại thị trấn Thạch Hà, Hà Tĩnh
và Vi Thị H. (SN 1992), trú tại huyện Quỳ Châu, tỉnh Nghệ An.

Hai đối tượng khai nhận, vì muốn trốn tránh cách ly khi nhập cảnh nên đã thuê
một người Lào dẫn đường xuyên rừng từ Lào vào Việt Nam. Khi qua khu vực gần
cửa khẩu quốc tế Cầu Treo (tỉnh Hà Tĩnh) thì cả 2 bị cán bộ, chiến sĩ BĐBP Hà
Tĩnh bắt giữ.

Hiện các cơ quan chức năng đã tiến hành lập biên bản xử lý theo quy định của
pháp luật, đồng thời đưa 2 đối tượng đến khu vực cách ly theo quy định.

**Xuân Sinh**

"
20/11/2020,Xe ben vi phạm tông xe CSGT trên đường trốn chạy,https://dantri.com.vn/xa-hoi/xe-ben-vi-pham-tong-xe-csgt-tren-duong-tron-chay-20201120123058179.htm," Lực lượng CSGT ra hiệu lệnh dừng xe nhưng chiếc xe ben vẫn bỏ chạy. Khi bị CSGT đuổi theo, chặn đường, tài xế xe ben đã tông vào đuôi xe CSGT hòng chạy thoát.","**Khoa Nam**

",,,https://icdn.dantri.com.vn/thumb_w/640/2020/11/20/anh-1-11-1605850046530.jpg|Xe ben vi phạm tông xe CSGT trên đường trốn chạy - 1&&https://icdn.dantri.com.vn/thumb_w/640/2020/11/20/anh-2-11-1605850046554.jpg|Xe ben vi phạm tông xe CSGT trên đường trốn chạy - 2&&https://icdn.dantri.com.vn/thumb_w/640/2020/11/20/bi-truy-duoi-xe-ben-tong-xe-csgt-roi-bo-chay-3-1605857343013.jpeg|Xe ben vi phạm tông xe CSGT trên đường trốn chạy - 3,"Xe ben húc đuôi xe CSGT để tẩu thoát

Các nhân chứng kể lại, vào khoảng 8h30 sáng 20/11, tổ công tác CSGT tỉnh Đồng
Nai đang tuần tra kiểm soát tại nút giao thông ngã tư Vũng Tàu đã ra hiệu lệnh
dừng xe ben mang BKS 51C 948.52 để kiểm tra. Tuy nhiên, tài xế xe ben đã không
dừng lại mà tiếp tục bỏ chạy.

Lúc này, lực lượng CSGT tiến hành truy đuổi trên quốc lộ 1. Khi đến cầu Đồng
Nai, xe CSGT vượt lên chặn đầu xe ben để yêu cầu tài xế dừng lại. Nhưng tài xế
xe ben vẫn ngoan cố, cho xe húc vào đuôi xe tuần tra của lực lượng CSGT rồi
tiếp tục bỏ chạy.

![Xe ben vi phạm tông xe CSGT trên đường trốn chạy -
1](https://icdn.dantri.com.vn/thumb_w/640/2020/11/20/anh-1-11-1605850046530.jpg)
Chiếc xe ben bị lực lượng CSGT chặn bắt tại cầu vượt Tân Vạn

Đến khu vực nút giao thông cầu vượt Tân Vạn, lực lượng CSGT cùng người dân hỗ
trợ đã chặn bắt thành công chiếc xe ben trên, đồng thời bắt giữ tài xế đưa về
trụ sở làm việc.

Vụ việc xảy ra trong giờ cao điểm sáng khiến giao thông trên quốc lộ 1, hướng
từ cầu Đồng Nai về Tân Vạn ùn xe kéo dài.

Hiện lực lượng chức năng đang tiến hành lấy lời khai tài xế, điều tra xác minh
làm rõ vụ việc.

![Xe ben vi phạm tông xe CSGT trên đường trốn chạy -
2](https://icdn.dantri.com.vn/thumb_w/640/2020/11/20/anh-2-11-1605850046554.jpg)
Xe ô tô của CSGT bị bị tông hư hỏng phần đuôi ![Xe ben vi phạm tông xe CSGT
trên đường trốn chạy -
3](https://icdn.dantri.com.vn/thumb_w/640/2020/11/20/bi-truy-duoi-xe-ben-tong-
xe-csgt-roi-bo-chay-3-1605857343013.jpeg)

Tài xế xe ben bị khống chế đưa về trụ sở. Vụ việc khiến giao thông trên quốc
lộ 1 ùn xe kéo dài

Trước đó, chiều 19/11, Công an huyện Vĩnh Cửu (tỉnh Đồng Nai) cũng đã tiến
hành tạm giữ hình sự đối với 3 đối tượng Y Jen Niê (sinh năm 1987), Y Faih Niê
(sinh năm 1992), Y Viết Niê (sinh năm 1986, đều là người dân tộc Êđê, hiện
đang tạm trú tại xã Thạnh Phú, huyện Vĩnh Cửu) để điều tra làm rõ hành vi
chống người thi hành công vụ.

Theo hồ sơ điều tra, vào 17h20 chiều 15/11, Y Faih Niê điều khiển xe máy mang
BKS 47M1 648.97 chở Y Jen Niê, còn Y Viết Niê bế theo con nhỏ trên đường từ
quán nhậu về nhà.

Khi lưu thông trên đường ĐT768 đến ấp 5, xã Thạnh Phú thì cả 3 bị tổ tuần tra
CSGT của Công an huyện Vĩnh Cửu yêu cầu dừng xe vì không đội nón bảo hiểm.

Tiến hành kiểm tra, phát hiện Y Fail Niê có nồng độ cồn trong hơi thở cao hơn
quy định nên tổ tuần tra đã tiến hành tạm giữ xe môtô nói trên.

Lúc này, Y Fail Niê năn nỉ, xin được bỏ qua vi phạm nhưng không được chấp
nhận. Sau đó, Y Jen Niê, Y Fail Niê ngăn cản không cho lực lượng chức năng đưa
xe đi.

Đồng thời, Y Viết Niê xông đến dùng tay và mũ bảo hiểm đánh Trung úy Nguyễn
Quốc Phong và lấy chiếc xe máy bỏ chạy. Hậu quả của vụ việc khiến Trung úy
Nguyễn Quốc Phong bị xây xát ở vùng mặt.

**Khoa Nam**

"
